insert into Department values
	('DPT 001','Operating theatre (OT)','7 th floor Old Building'),
	('DPT 002','Medical department','6 th floor Old Building'),
	('DPT 003 ','Pharmacy department','5 th floor Old Building  '),
	('DPT 004 ','Clinical pathology department ','4 th floor Old Building '),
	('DPT 005 ','Purchasing Department','3 th floor Old Building'),
	('DPT 006 ','Paramedical Departments','2 nd floor Old Building'),
	('DPT 007 ','Medical Record Department (MRD)','Basement    Old Building '),
	('DPT 008 ','Intensive Care Unit (ICU)','Ground floor Old Building'),
	('DPT 009 ','Radiology Department (X-ray Department)','Lower Ground floor Old Building '),
	('DPT 010 ','Outpatient Department (OPD)','1 th floor Old Building')
;

insert into  Staff values
	('STF 001','M.K Hansi disanayake','Doctor','1987-10-14','Sihina Street,Panagoda,Kurunagala','0777222321','8.00 a.m-12.00 p.m','90001.00','DPT 010'),
	('STF 002','P.L Himala prabudda','Doctor','1988-05-06','Kosthapalwatta,Polwathumodara,Mirissa','0788956478','1.00 p.m-7.00 p.m ','200000.00','DPT 010'),
	('STF 003','C.D Senarathna','Doctor','1993-01-20','1 st Street,kinnapitiya,Palmadulla','0788956499','1.00 p.m-8.00 p.m ','90000.00','DPT 001'),
	('STF 004','P.S Pramudha Karunarathna','Doctor ','1888-08-02','Rajamawata,Karagoda Uyangoda,Kaburupitiya','0788956488','1.00 p.m-5.00 p.m ','88000.00','DPT 002'),
	('STF 005','K.S Nimesh Hansaka','Doctor','1974-05-23','82 Panchikawatte Road, 10  Colombo, Colombo','0788966478','1.00 p.m-6.00 p.m ','50000.00','DPT 003'),
	('STF 006','N.M Naveen Virash','Doctor','1988-08-05','65/58, 1st Lane,Katuwana Road, Homagama','0788256478','1.00 p.m-6.00 p.m ','70000.00','DPT 004'),
	('STF 007','D.M Hansawila Sansala','Doctor','1963-02-08','194A Old Moor Street, 12  Colombo','0788956470','1.00 p.m-6.00 p.m ','80000.00','DPT 004'),
	('STF 008',' D.H.J.P Tharindu Dilshan','Doctor','1989-03-06','23, BRAYBROOKE STREET Colombo','0788956455','1.00 p.m-6.00 p.m ','45000.00','DPT 003'),
	('STF 009','T.W.K Mangalika','Doctor','1968-08-09','199 Vauxhall Street, 02 Colombo','0788954444','1.00 p.m-6.00 p.m ','100000.00','DPT 002'),
	('STF 010','M.N.F Ganidu Vishwa','Doctor','1995-10-26','29 Deans Road, 10  Colombo','0987654321','1.00 p.m-6.00 p.m ','90000.00','DPT 001'),
	('STF 011','L.M.N Pasini Nishani','Nurse','1995-02-12','88 Hasala Road,Kaburupitiya','0777678666','10.00 a.m - 5.00p.m','20000.00','DPT 005'),
	('STF 012','K.T Danuki Madumali','Nurse','1995-02-12','65 Hasala Road,Kaburupitiya','0777678764','10.00 a.m - 5.00p.m','10000.00','DPT 005'),
	('STF 013','P.M.S Vinod Kavinda','Nurse','1995-02-12','66 Hasala Road,Kaburupitiya','0757678678','10.00 a.m - 5.00p.m','670000.00','DPT 006'),
	('STF 014','T.K.M Randil Hasanga','Nurse','1995-02-12','Wijeweera Road,Kakanadura,Pilimathalawa','0747678678','10.00 a.m - 5.00p.m','77000.00','DPT 009'),
	('STF 015','A.M Hasini Perera','Nurse','1995-02-12','Senasuru Road,Kakanadura,Matara','0711678678','10.00 a.m - 5.00p.m','98000.00','DPT 006'),
	('STF 016','P.M.S Hirunisha Nayani','Nurse','1995-02-12','2 nd lane Denipitiya,mirissa','0727678678','10.00 a.m - 5.00p.m','88000.00','DPT 009'),
	('STF 017','L.M.K Nishadi Sansal','Nurse','1995-02-12','4 th lane,Thihagoda,Hakmana','0707678678','10.00 a.m - 5.00p.m','84000.00','DPT 008'),
	('STF 018','K.M.L Rashini Jithma','Nurse','1995-02-12','5 th lande,Paragoda,Galle','0767678678','10.00 a.m - 5.00p.m','670000.00','DPT 008'),
	('STF 019','P.M.S Imasha Saduni','Nurse','1995-02-12','255 Old Road,Henwala,Denipitiya ','0757678678','10.00 a.m - 5.00p.m','30000.00','DPT 001'),
	('STF 020','K.L.K Meedumi Kavindi','Nurse','1995-02-12','255 Old Road,Henwala,Denipitiya','0747678678','10.00 a.m - 5.00p.m','900000.00','DPT 007'),
	('STF 021','P.P.S mohmaedSankalpa','Ward boy','1988.02.13','kahatowita veyangoda','0752557994','2.00 a.m - 9.00 a.m','33000.00','DPT 007'),
	('STF 022','amanka Sanpplpa','Ward boy','1988.02.13','kadawatha matahra','075 2557400','2.00 a.m - 9.00 a.m','33200.00','DPT 005'),
	('STF 023','sakkili Sanka amapa','Ward boy','1988.02.13','colombo pannipitiya','0750057464','2.00 a.m - 9.00 a.m','33400.00','DPT 001'),
	('STF 024','wareeda alpa','Ward boy','1988.02.13','2/4/6 pissankotuwa','0752887464','2.00 a.m - 9.00 a.m','33050.00','DPT 003'),
	('STF 025','jiira','Ward boy','1988.02.13','2/5-3 angoda','0752557864','2.00 a.m - 9.00 a.m','33600.00','DPT 002'),
	('STF 026','fathima','Ward boy','1988.06.13','2-3/4 mirihana','0752556464','2.00 a.m - 9.00 a.m','33700.00','DPT 004'),
	('STF 030','pesivelilla','Ward boy','1984.02.13','panchigawatha 7/8','0752677464','2.00 a.m - 9.00 a.m','33500.00','DPT 006'),
	('STF 027','ondum theriya','Ward boy','1678.02.13','no100 nay illaza road','0778557464','2.00 a.m - 9.00 a.m','33450.00','DPT 009'),
	('STF 028','innam kulichalla','Ward boy','1988.02.13','n099 pons area eduwa','0788557464','2.00 a.m - 9.00 a.m','33440.00','DPT 005'),
	('STF 029','pallum velakkalla','Ward boy','1988.02.13','08/1 kallakkuli engayo','0765557464','2.00 a.m - 9.00 a.m','33560.00','DPT 001')
;

insert into Staff_Family values
	('STF 001','M.N kusumdasa Liyanage','Sihina Street,Panagoda,Kurunagala','Father',0782211456),
	('STF 002','S.S Pansilu Sahas','Pasan Road,Kahawatta,Kiriella','Brother',0775688912),
	('STF 003','P.P Appuhami','1 st Street,kinnapitiya,Palmadulla','Uncle',0775621478),
	('STF 004','L.M Ahas Sasanka','Rajamawata,Karagoda Uyangoda,Kaburupitiya','Elder Brother',0775697569),
	('STF 005','K.O.I Venuthi Prasangi','Perera Road,Berawila,Gampola','Sister',0752358745),
	('STF 006','K.P.P Mindula','Harith Road,Piliyandala,Kalpitiya','Younger Brother',0784589566),
	('STF 007','P.L.K Kalindu Hasanga','Siripala Road,Kakanadura,Palawatta','Brother',0784563219),
	('STF 008','T.P.M Karuwathi','23, BRAYBROOKE STREET Colombo','Mother',0725689756),
	('STF 009','D.D.J Siripala Perera','2 lane,Pilimatalawa,Mawatagama','Father',0775623784),
	('STF 010','M.S Gunadasasa','29 Deans Road, 10  Colombo','Uncle',0782589466),
	('STF 011','M.D.D karunapala','4 th lane,Pahan Road,Mawathagama','Father',0785624785),
	('STF 012','K.S.S Perera','6 th lane,Kadawatha Road,Colombo','Father',0758964687),
	('STF 013','K.G.D Senarathana','Senasuru Road,Kakanadura,Matara','Father',0785689785),
	('STF 014','M.N Susarawathi','2 nd lane Denipitiya,mirissa','Mother',0775896479),
	('STF 015','K.M Karunawathi','25 Road,Paragahawatta,Kaburupitiya','Aunty',0778956223),
	('STF 016','P.M.S Sisira','5 th lande,Paragoda,Galle','Brother',0782354789),
	('STF 017','K.M.S Pasan','Senevirathna Road,Dewalagama,Kirinda','Brother',0774585239),
	('STF 018','M.L Apsara','5 th Lane,Saranka Road,Kanampitiya,Matara','Sister',0785689578),
	('STF 019','M.K.N Sidangana','35 Road,Patiyathalawa,Gampola','Sister',0778954621),
	('STF 020','Siridasa Senewirathana','Mal Mawata,Sihinapura,Weligama','Father',0782345689),
	('STF 021','C.C Gamini','Pinikanna Road,Galkawa,Panadura','Brother',0784569657),
	('STF 022','P.P.S Ajith','Pinnakkulama,Udugoda,Mirissa','Elder Brother',0784512397),
	('STF 023','G.D Prasanna','5 th Lane, Galnawa,Thissamaharama','Farther',0782541368),
	('STF 024','H.S.S Liyanage','8 th Lane,Siriwardana Road,Mawathagama','Uncle',0752579318),
	('STF 025','P.P.K Kasuni','25 Road,Kirinda,Thissamaharama','Wife',0785694561),
	('STF 026','L.M Kiridasa','11 th Lane,Panatiya,Panakaduwa','Grand Father',0789632154),
	('STF 027','K.P.D Pawara','Deleepa Road,Suriyawawa,Abilipitiya','Brother',0752589716),
	('STF 028','K.Dahami ahinsa','23 Road,Koskanda,Kadugannawa','Wife',0725689745),
	('STF 029','L.Pahan Damsara','12 Lane,Palana,Weligama','Brother',0752589715),
	('STF 030','P. Ahinsa Sewwandi','Dissanayake Road,Walgama,Matara','Wife',0785896347)
;

INSERT INTO Room VALUES
	('R 0001','A/C rooms','DPT 001',1500),
	('R 0002','non A/C rooms','DPT 001',750),
	('R 0003','Nursery rooms','DPT 008',500),
	('R 0004','ICU rooms','DPT 003',1700),
	('R 0005','physical therapy','DPT 007',200),
	('R 0006','physical therapy','DPT 001',1200),
	('R 0007','ICU rooms','DPT 003',1700),
	('R 0008','A/C rooms','DPT 004',1500),
	('R 0009','non A/C rooms','DPT 007',750),
	('R 0010','Nursery rooms','DPT 004',500),
	('R 0011','A/C rooms','DPT 001',1500),
	('R 0012','non A/C rooms','DPT 001',750),
	('R 0013','Nursery rooms','DPT 008',500),
	('R 0014','ICU rooms','DPT 003',1700),
	('R 0015','physical therapy','DPT 007',200),
	('R 0016','physical therapy','DPT 001',1200),
	('R 0017','ICU rooms','DPT 003',1700),
	('R 0018','A/C rooms','DPT 004',1500),
	('R 0019','non A/C rooms','DPT 007',750),
	('R 0020','Nursery rooms','DPT 004',500),
	('R 0021','Nursery rooms','DPT 004',500)
;

insert into Doctor values
	('DOC 001','Family medicine','STF 001'),
	('DOC 002','Internal Medicine','STF 002'),
	('DOC 003','Pediatrician','STF 003'),
	('DOC 004','Obstetricians/gynecologist (OBGYNs)','STF 004'),
	('DOC 005','Cardiologist','STF 005'),
	('DOC 006','Oncologist','STF 006'),
	('DOC 007','Gastroenterologist','STF 007'),
	('DOC 008','Pulmonologist','STF 008'),
	('DOC 009','Infectious disease','STF 009'),
	('DOC 010','Nephrologist','STF 010')
;

INSERT INTO Nurse VALUES
	('NS 001','Labor and Delivery','STF 011'),                  
	('NS 002','Pediatrics','STF 012'),
	('NS 003','Neonatal ICU','STF 013'),
	('NS 004','Oncology Nurse','STF 014'),  
	('NS 005','Emergency Room Registered Nurse','STF 015'),
	('NS 006','Intensive Care Unit (ICU) Registered Nurse','STF 016'),
	('NS 007','Surgical Registered Nurse','STF 017'),
	('NS 008','Operating Room Registered Nurse','STF 018'),
	('NS 009','Trauma Registered Nurse','STF 019'),
	('NS 010','Labor and Delivery','STF 020')
;

insert into Ward_boy values
	('WD 001','Ward boy of assisting a patient get to the toilet','STF 021'),
	('WD 002','Ward boy of helping the patient bathe and dress up','STF 022'),
	('WD 003','Ward boy of transporting the patient','STF 023'),
	('WD 004','Ward boy of Assisting the patient in and out of the bed','STF 024'),
	('WD 005','Ward boy of Changing linen and sheets','STF 025'),
	('WD 006','Ward boy of Carry messages or documents between departments','STF 026'),
	('WD 007','Ward boy of Answer patient call signals','STF 027'),
	('WD 008','Ward boy of Change soiled linens','STF 028'),
	('WD 009','Ward boy of transporting the patient','STF 029')
;

INSERT INTO Nurse_works_In VAlUES
	('NS 001','R 0001','2022-11-01','10.00 a.m - 5.00p.m'),                              
	('NS 002','R 0005','2022-11-01','8.00 a.m -5.00 p.m'),
	('NS 003','R 0007','2022-11-02','6.00 p.m - 11.00 p.m'),
	('NS 004','R 0004','2022-11-03','1.00 p.m - 6.00 p.m'),
	('NS 005','R 0010','2022-11-04','4.00 p.m - 01.00 a.m'),
	('NS 006','R 0009','2022-11-05','10.00 a.m - 3.00 p.m'),
	('NS 007','R 0006','2022-11-05','1.00 p.m - 6.00 p.m'),
	('NS 008','R 0008','2022-11-06','6.00 p.m - 2.00 a.m'),              
	('NS 009','R 0003','2022-11-07','1.00 a.m - 10.00 a.m'),
	('NS 010','R 0002','2022-11-07','2.00 a.m - 9.00 a.m')
;

insert into Wardboy_works_In values
	('WD 001','R 0010','2022-11-01','8.00 a.m - 5.00 p.m'),
	('WD 002','R 0007','2022-11-01','6.00 p.m - 2.00 a.m'),
	('WD 003','R 0002','2022-11-02','3.00 p.m - 3.00 a.m'),
	('WD 004','R 0003','2022-11-03','1.00 p.m - 6.00 p.m'),
	('WD 005','R 0006','2022-11-04','1.00 p.m - 6.00 p.m'),
	('WD 006','R 0009','2022-11-05','1.00 a.m - 10.00 a.m'),
	('WD 007','R 0008','2022-11-06','6.30 a.m - 12.00 p.m'),
	('WD 008','R 0004','2022-11-07','4.00 p.m - 01.00 a.m'),
	('WD 009','R 0001','2022-11-05','1.00 p.m - 6.00 p.m')
;

insert into Bill values
	('B001',560,1500,1200,'credit card','2022-02-04','Paid'),
	('B002',1100,1900,1200,'credit card','2022-02-07','Not Paid'),
	('B003',1700,1450,1300,'cash','2022-03-24','Not Paid'),
	('B004',800,1200,1200,'online pay','2022-04-05','Paid'),
	('B005',2500,3100,1500,'mobile transfer','2022-05-16','Not Paid'),
	('B006',1900,2400,1300,'cash','2022-05-14','Not Paid'),
	('B007',1500,6000,2000,'online pay','2022-09-05','Paid'),
	('B008',650,2100,1500,'credit card','2022-09-12','Paid'),
	('B009',980,1900,1500,'mobile transfer','2022-07-29','Not Paid'),
	('B010',780,1300,1300,'credit card','2022-08-06','Paid')
;

INSERT INTO PATIENT VALUES
	('P050','Rohan Sharma','Male','Colombo','1972-06-05','O+','077-9617186','Cancer','DOC 001 ','R 0001 ','B001'),
	('P051','Deepak Kumar','Male','Ratnapura','1980-12-08','O-','077-2233525','Cancer','DOC 002 ','R 0002 ','B002'),
	('P052','Mohan Kumar','Male','Gampaha','1960-01-01','A+','071-4865452','Neurological Disease','DOC 003 ','R 0003 ','B003'),
	('P053','Sahil Bansal','Male','Matara','1963-09-24','A-','078-5674896','Mental Disease','DOC 004 ','R 0004 ','B004'),
	('P054','Neha Soni','Female','Tangalle','1990-08-02','B+','075-8576412','Cancer','DOC 005 ','R 0005 ','B005'),
	('P055','Sonal Aggrawal','Male','Galle','1995-12-03','B-','076-8795463','Skin Disease','DOC 006 ','R 0006 ','B006'),
	('P056','Arun Singh','Male','Kandy','1988-04-15','AB+','071-8565489','HIV','DOC 007 ','R 0007 ','B007'),
	('P057','John Smith','Male','Batticola','1975-04-14','AB-','078-6536984','Corona Virus','DOC 008 ','R 0008 ','B008'),
	('P058','Nancy Li','Female','Kaduwela','1953-02-14','O-','072-4573890','Anaemia','DOC 009 ','R 0009 ','B009'),
	('P059','Abdul Dandon','Male','Jaffna','1988-07-18','A+','078-4512639','High Fever','DOC 010 ','R 0010 ','B010'),
	('P060','Raj Sharma','Male','Colombo','1995-11-18','B-','071-8523400','Renal Disease','DOC 010 ','R 0011 ','B011'),
	('P061','Sharad Ghandi','Male','Colombo','1974-06-15','O+','077-9637186','Cancer','DOC 009 ','R 0012 ','B012'),
	('P062','Danish Souza','Male','Gampaha','1968-03-01','A+','071-4863452','Neurological Disease','DOC 008 ','R 0013 ','B013'),
	('P063','Pawan Patil','Male','Matara','1963-12-24','A+','078-5674806','Mental Disease','DOC 007 ','R 0014 ','B014'),
	('P064','Rijo Paul','Female','Tangalle','1991-08-12','B-','075-8576512','Cancer','DOC 006 ','R 0015 ','B015'),
	('P065','Joseph  Sharma','Male','Galle','1993-11-03','B-','076-8734563','Skin Disease','DOC 005 ','R 0016 ','B016'),
	('P066','Ganesh Rahu','Male','Kandy','1998-04-05','A-','071-8565480','HIV','DOC 004 ','R 0017 ','B017'),
	('P067','Vinudha K S','Male','Batticola','1975-04-14','AB+','078-6532984','Corona Virus','DOC 003 ','R 0018 ','B018'),
	('P068','Aakash Patel','Female','Kaduwela','1953-02-14','O+','072-4513890','Anaemia','DOC 002 ','R 0019 ','B019'),
	('P069','Divya Kumar','Male','Jaffna','1988-07-18','A-','078-4512539','High Fever','DOC 001','R 0020 ','B020'),
	('P070','John Willson','Male','Colombo','1985-06-18','B+','071-8526457','Renal Disease','DOC 001 ','R 0021 ','B021')
;

INSERT INTO In_patient VALUES
	('I001','P050','2022-08-31','2022-09-05'),
	('I002','P052','2022-09-01','2022-09-05'),
	('I003','P053','2022-09-03','2022-09-07'),
	('I004','P054','2022-09-11','2022-09-21'),
	('I005','P055','2022-10-01','2022-10-09'),
	('I006','P056','2022-10-02','2022-10-05'),
	('I007','P057','2022-10-06','2022-10-12'),
	('I008','P058','2022-10-31','2022-11-05'),
	('I009','P059','2022-10-31','2022-11-01'),
	('I010','P060','2022-11-21','2022-11-22')
;

INSERT INTO Out_patient VALUES
	('OP001','P061','2022-09-01'),
	('OP002	','P062','2022-09-01'),
	('OP003','P063','2022-09-03'),
	('OP004','P064','2022-09-11'),
	('OP005','P065','2022-10-01'),
	('OP006','P066','2022-10-02'),
	('OP007','P067','2022-10-06'),
	('OP008','P068','2022-10-31'),
	('OP009','P069','2022-10-31'),
	('OP010','P070','2022-08-31')
;

INSERT INTO Patient_guardian VALUES
	('P050','Daya Shankar','Son','071-8956231'),
	('P051','Rajesh Gandhi','Son','078-8956231'),
	('P052','Rampal Singh','Son','076-7414894'),
	('P053','Sandeep Bhandari','Son','076-9648756'),
	('P054','Rakesh Joshi','Husband','078-8524523'),
	('P055','Sunil Jayawaal','Father','072-7846532'),
	('P056','Anil Singh','Son',' 074-4556274'),
	('P057','Narendra Joshi','Son','078-9645214'),
	('P058','Lal Dhakar','Husband','078-5678269'),
	('P059','LN Meena','Daughter','077-8529634'),
	('P060','Bharat Joshi','Son','076-7531594')
;

INSERT INTO laboratary VALUES
	("L001","Neurology","DOC 002"),
	("L002","Coagulation","DOC 001"),
	("L003","Chemistry","DOC 003"),
	("L004","Toxicology","DOC 004"),
	("L005","Immunology","DOC 005"),
	("L006","Transfusion Medicine","DOC 006"),
	("L007","Histocompatibility Testing","DOC 007"),
	("L008","Medical Microbiology","DOC 008"),
	("L009","Molecular Pathlogy","DOC 009"),
	("L010","Flow Cytometry","DOC 010")
;

INSERT INTO Equipment VALUES
	("EQ1700","Oximeter",10),
	("EQ1701","Otoscope",05),
	("EQ1702","Glucometer",15),
	("EQ1703","Oxygen Mask",50),
	("EQ1704","Cotton Wool",100),
	("EQ1705","Blood Bag",200),
	("EQ1706","Thermometer",50),
	("EQ1707","Syringe",300),
	("EQ1708","Scales",20),
	("EQ1709","Wheel chair",30),
	("EQ1710","Stretcher",20)
;

INSERT INTO Lab_equipment VALUES
	('LB 001','EQ1700','40'),
	('LB 002','EQ1700','40'),
	('LB 003','EQ1700','40'),
	('LB 004','EQ1700','40'),
	('LB 005','EQ1700','40'),
	('LB 006','EQ1700','40'),
	('LB 007','EQ1700','40'),
	('LB 008','EQ1700','40'),
	('LB 009','EQ1700','40'),
	('LB 010','EQ1700','40')
;

INSERT INTO Supplier VALUES
	("SOO1","Yeden International(pvt)Ltd" ,"Colombo 12"),
	("S002","A Baur@Co(pvt)Ltd","Diagast France"  ),
	("S003","Hemas Pharmaceuticals","Dehiwala"),
	("S004","Tanyo Medical(Pvt)Ltd","Battaramulla"),
	("5005","ABC Pharma Services(Pvt)Ltd","China"),
	("S006","B Braun lanka(Pvt)Ltd","Austrailia"),
	("S007","Citihealth Imports(Pvt)Ltd","United Kindom"),
	("S008","Novachem Lanka(PVt)Ltd","Colombo 08"),
	("S009","Slim Pharmaceuticals","Kiribathgoda"),
	("S010","Akbar Pharma Services(Pvt)Ltd","USA"),
	("S011","Ravilux Company(Pvt)Ltd","Japan")
;

INSERT INTO Equip_supply VALUES
	('Sup001','EQ1700',15000.00,05),
	('Sup002','EQ1701',35000.00,04),
	('Sup003','EQ1702',6000.00,03),
	('Sup004','EQ1703',10000.00,25),
	('Sup005','EQ1704',5000.00,200),
	('Sup006','EQ1705',25000.00,100),
	('Sup007','EQ1706',30000.00,06),
	('Sup008','EQ1707',50000.00,500),
	('Sup009','EQ1708',35000.00,07),
	('Sup010','EQ1709',150000.00,10),
	('Sup011','EQ1710',85000.00,30)
;

insert into Medicine values
	('Med001','Paracetamol',2.00,'2022-08-07','2023-08-07',20000),
	('Med002','Amoxicillin',5.50,'2022-06-23','2023-08-07',3500),
	('Med003','Domperidone',3.45,'2022-03-04','2023-08-07',5000),
	('Med004','Omeprazole',4.35,'2022-03-03','2023-08-07',4000),
	('Med005','Piriton',1.85,'2022-05-04','2023-08-07',4500),
	('Med006','Metformin',6.75,'2022-08-06','2023-08-07',20000),
	('Med007','Avomine',3.55,'2022-09-03','2023-08-07',1300),
	('Med008','Deriphyllin',2.35,'2022-10-27','2023-08-07',4800),
	('Med009','Cephalexin',2.75,'2022-2-17','2023-08-07',28000),
	('Med010','Doxycycline',3.65,'2022-04-12','2023-08-07',14500)
;

insert into Medicine_supply values
	('SOO1','Med001','2022-01-05',4000),
	('SOO2','Med002','2022-01-05',4000),
	('SOO3','Med005','2022-01-05',4000),
	('SOO4','Med006','2022-02-07',4000),
	('SOO5','Med003','2022-02-07',4000),
	('SOO6','Med009','2022-02-07',4000),
	('SOO7','Med007','2022-04-12',4000),
	('SOO8','Med004','2022-04-12',4000),
	('SOO9','Med010','2022-04-12',4000),
	('SO10','Med008','2022-01-05',4000)
;

INSERT INTO Supplier_contact_No values
	("S001",0767890235),
    ("S002",0709054763),
    ("S003",0718418750),
    ("S004",0778902215),
    ("S005",0717896211),
    ("S006",0701276405),
    ("S007",0750973690),
    ("S008",0787893152),
    ("S009",0717897130),
    ("S010",0757827166),
    ("S001",0717897420)
;

INSERT INTO Test Values
	('TST001','Creatinine',500.00,'Lab001'),
	('TST002','Occult Blood',200.00,'Lab002'),
	('TST003','Preg Test',450.00,'Lab003'),
	('TST004','WBC',250.00,'Lab001'),
	('TST005','K++',1250.00,'Lab001'),
	('TST006','Whole Blood',2500.00,'Lab006'),
	('TST007','Protein',1500.00,'Lab001'),
	('TST008','Na++',1500.00,'Lab001'),
	('TST009','HGB',2800.00,'Lab001'),
	('TST010','Albumin',1550.00,'Lab001')
;

INSERT INTO Patient_check_test VALUES
	('P050','TST004','2022-05-03','Normal'),
	('P051','TST006','2022-04-15','Normal'),
	('P052','TST001','2022-07-08','High'),
	('P053','TST008','2022-06-05','Low'),
	('P054','TST005','2022-09-17','Normal'),
	('P055','TST004','2022-08-05','Normal'),
	('P056','TST009','2022-09-17','Low'),
	('P057','TST009','2022-03-04','Normal'),
	('P058','TST004','2022-01-03','Low'),
	('P059','TST006','2022-05-31','Low'),
	('P060','TST010','2022-02-14','High')
;

INSERT INTO Patient_medicine VALUES
	("P0060","Med010","50mg","2022-05-04"),
	("P0065","Med006","75mg","2022-05-05"),
	("P0064","Med009","50mg","2022-06-05"),
	("P0061","Med001","30mg","2022-06-12"),
	("P0063","Med005","5ml","2022-07-21"),
	("P0062","Med007","35mg","2022-07-22"),
	("P0066","Med008","75mg	","2022-08-04"),
	("P0068","Med003","50mg","2022-08-07"),
	("P0069","Med004","75mg","2022-08-31"),
	("P0067","Med003","35mg","2022-09-01")
;





 





